Olivia,Rivera,Olivia.Rivera@yahoo.com,t
Liam,Mitchell,Liam.Mitchell@gmail.com,t
Emma,Baker,Emma.Baker@gmail.com,t
Noah,Jackson,Noah.Jackson@gmail.com,t
Amelia,Nelson,Amelia.Nelson@yahoo.com,t
Oliver,Green,Oliver.Green@yahoo.com,f
Ava,Hall,Ava.Hall@gmail.com,f
Elijah,Johnson,Elijah.Johnson@hotmail.com,t
Sophia,Allen,Sophia.Allen@gmail.com,t
Lucas,King,Lucas.King@hotmail.com,t
Charlotte,Sanchez,Charlotte.Sanchez@gmail.com,t
Mason,Sanchez,Mason.Sanchez@hotmail.com,t
Isabella,Miller,Isabella.Miller@gmail.com,t
James,Miller,James.Miller@hotmail.com,t
Mia,Scott,Mia.Scott@hotmail.com,t
Levi,White,Levi.White@hotmail.com,f
Luna,Adams,Luna.Adams@gmail.com,t
Mateo,Martin,Mateo.Martin@yahoo.com,f
Harper,Perez,Harper.Perez@yahoo.com,t
Asher,Martinez,Asher.Martinez@hotmail.com,t
Evelyn,Robinson,Evelyn.Robinson@yahoo.com,t
Aiden,Flores,Aiden.Flores@hotmail.com,t
Gianna,Flores,Gianna.Flores@hotmail.com,t
Benjamin,Lee,Benjamin.Lee@gmail.com,f
Aria,Sanchez,Aria.Sanchez@hotmail.com,t
Logan,Scott,Logan.Scott@hotmail.com,t
Ella,Wilson,Ella.Wilson@yahoo.com,t
Leo,Miller,Leo.Miller@yahoo.com,t
Ellie,Miller,Ellie.Miller@gmail.com,f
Wyatt,Mitchell,Wyatt.Mitchell@yahoo.com,t
Mila,Lee,Mila.Lee@yahoo.com,t
Jack,Green,Jack.Green@hotmail.com,t
Camila,Nguyen,Camila.Nguyen@hotmail.com,f
Ethan,Thompson,Ethan.Thompson@hotmail.com,t
Ryilee,Williams,Ryilee.Williams@hotmail.com,t
Leriel,Hernandez,Leriel.Hernandez@gmail.com,t
Layla,Rivera,Layla.Rivera@gmail.com,t
Eero,Martinez,Eero.Martinez@hotmail.com,t
Avery,Adams,Avery.Adams@hotmail.com,t
Henry,Rodriguez,Henry.Rodriguez@yahoo.com,t
Scarlett,Martin,Scarlett.Martin@hotmail.com,t
Sebastian,Green,Sebastian.Green@yahoo.com,t
Lily,Robinson,Lily.Robinson@yahoo.com,t
Grayson,Clark,Grayson.Clark@hotmail.com,t
Aurora,Williams,Aurora.Williams@gmail.com,t
Jackson,Ramirez,Jackson.Ramirez@yahoo.com,t
Sofia,Smith,Sofia.Smith@hotmail.com,t
Carter,Lopez,Carter.Lopez@hotmail.com,t
Nova,Gonzalez,Nova.Gonzalez@hotmail.com,t
William,Flores,William.Flores@hotmail.com,t
Abigail,Moore,Abigail.Moore@hotmail.com,t
Daniel,Ramirez,Daniel.Ramirez@yahoo.com,t
Riley,Walker,Riley.Walker@yahoo.com,t
Owen,Nelson,Owen.Nelson@gmail.com,f
Chloe,Hill,Chloe.Hill@hotmail.com,t
Julian,Carter,Julian.Carter@gmail.com,f
Zoey,Adams,Zoey.Adams@hotmail.com,t
Muhammad,Lee,Muhammad.Lee@gmail.com,t
Isla,Anderson,Isla.Anderson@gmail.com,t
Alexander,Lopez,Alexander.Lopez@gmail.com,f
Nora,Wright,Nora.Wright@gmail.com,t
Michael,Roberts,Michael.Roberts@yahoo.com,t
Hazel,Sanchez,Hazel.Sanchez@hotmail.com,f
Lincoln,Johnson,Lincoln.Johnson@gmail.com,t
Penelope,Hill,Penelope.Hill@gmail.com,f
Ezra,Sanchez,Ezra.Sanchez@hotmail.com,t
Elizabeth,Robinson,Elizabeth.Robinson@gmail.com,t
Hudson,Perez,Hudson.Perez@hotmail.com,t
Eleanor,Campbell,Eleanor.Campbell@hotmail.com,t
Luke,Flores,Luke.Flores@yahoo.com,t
Elena,Hill,Elena.Hill@yahoo.com,t
Gabriel,Wilson,Gabriel.Wilson@hotmail.com,t
Emilia,Sanchez,Emilia.Sanchez@hotmail.com,t
Samuel,Carter,Samuel.Carter@yahoo.com,t
Madison,Harris,Madison.Harris@gmail.com,t
Jacob,Moore,Jacob.Moore@hotmail.com,f
Eliana,Mitchell,Eliana.Mitchell@yahoo.com,t
Jayden,Ramirez,Jayden.Ramirez@yahoo.com,f
Maya,Hill,Maya.Hill@yahoo.com,t
Maverick,Lopez,Maverick.Lopez@yahoo.com,f
Stella,Torres,Stella.Torres@hotmail.com,f
Josiah,Harris,Josiah.Harris@yahoo.com,t
Willow,Davis,Willow.Davis@yahoo.com,t
David,Garcia,David.Garcia@yahoo.com,t
Paisley,Young,Paisley.Young@gmail.com,t
Elias,Thompson,Elias.Thompson@hotmail.com,t
Emily,Anderson,Emily.Anderson@hotmail.com,t
Matthew,Brown,Matthew.Brown@hotmail.com,t
Hannah,Hill,Hannah.Hill@hotmail.com,t
Jaxon,Wilson,Jaxon.Wilson@hotmail.com,t
Addison,Martinez,Addison.Martinez@yahoo.com,t
Eli,King,Eli.King@gmail.com,t
Everly,Mitchell,Everly.Mitchell@yahoo.com,f
Kai,Perez,Kai.Perez@hotmail.com,f
Violet,Hall,Violet.Hall@yahoo.com,t
Isaiah,Robinson,Isaiah.Robinson@gmail.com,t
Litte,Thompson,Litte.Thompson@yahoo.com,t
Anthony,Flores,Anthony.Flores@hotmail.com,t
Ivy,Moore,Ivy.Moore@hotmail.com,t
Joseph,Flores,Joseph.Flores@hotmail.com,t
Bella,Rivera,Bella.Rivera@hotmail.com,f
John,Miller,John.Miller@gmail.com,t
Zoe,Flores,Zoe.Flores@hotmail.com,t
Luca,Torres,Luca.Torres@yahoo.com,t
Grace,Davis,Grace.Davis@hotmail.com,t
Adam,Smith,Adam.Smith@gmail.com,f
Naomi,Brown,Naomi.Brown@gmail.com,t
Thomas,Thompson,Thomas.Thompson@hotmail.com,t
Aaliyah,King,Aaliyah.King@yahoo.com,t
Nathan,Lee,Nathan.Lee@gmail.com,t
Kinsley,Rivera,Kinsley.Rivera@yahoo.com,t
Ezekiel,Rodriguez,Ezekiel.Rodriguez@gmail.com,f
Delilah,Ramirez,Delilah.Ramirez@hotmail.com,f
Isaac,Martinez,Isaac.Martinez@yahoo.com,t
Aubrey,Lewis,Aubrey.Lewis@hotmail.com,t
Caleb,Mitchell,Caleb.Mitchell@yahoo.com,t
Lucy,Lopez,Lucy.Lopez@gmail.com,t
Theodore,Nelson,Theodore.Nelson@yahoo.com,t
Leilani,Thomas,Leilani.Thomas@yahoo.com,t
Waylon,Anderson,Waylon.Anderson@hotmail.com,t
Skylar,Clark,Skylar.Clark@yahoo.com,t
Ryan,Miller,Ryan.Miller@yahoo.com,t
Alice,Robinson,Alice.Robinson@gmail.com,t
Nolan,Torres,Nolan.Torres@yahoo.com,t
Natalie,Allen,Natalie.Allen@hotmail.com,t
Miles,Moore,Miles.Moore@yahoo.com,f
Ayla,Nguyen,Ayla.Nguyen@yahoo.com,t
Theo,Hernandez,Theo.Hernandez@yahoo.com,t
Serenity,Campbell,Serenity.Campbell@yahoo.com,t
Easton,Ramirez,Easton.Ramirez@yahoo.com,t
Victoria,Gonzalez,Victoria.Gonzalez@gmail.com,t
Adrian,Adams,Adrian.Adams@yahoo.com,t
Athena,Torres,Athena.Torres@hotmail.com,t
Roman,Gonzalez,Roman.Gonzalez@yahoo.com,f
Savannah,Harris,Savannah.Harris@yahoo.com,t
Magana,Hall,Magana.Hall@hotmail.com,t
Raelynn,Hall,Raelynn.Hall@hotmail.com,t
Greyson,Garcia,Greyson.Garcia@gmail.com,t
Kennedy,Thomas,Kennedy.Thomas@yahoo.com,t
Colton,Anderson,Colton.Anderson@yahoo.com,f
Everleigh,Thompson,Everleigh.Thompson@hotmail.com,t
Landon,Anderson,Landon.Anderson@hotmail.com,t
Leah,Harris,Leah.Harris@yahoo.com,t
Cameron,Mitchell,Cameron.Mitchell@hotmail.com,t
Brooklyn,Martinez,Brooklyn.Martinez@gmail.com,t
Jace,Allen,Jace.Allen@yahoo.com,t
Maria,Smith,Maria.Smith@hotmail.com,t
Jameson,Torres,Jameson.Torres@gmail.com,t
Audrey,Brown,Audrey.Brown@gmail.com,t
Cooper,Moore,Cooper.Moore@hotmail.com,t
Lillian,Taylor,Lillian.Taylor@hotmail.com,t
Charlie,Anderson,Charlie.Anderson@yahoo.com,t
Natalia,Gonzalez,Natalia.Gonzalez@hotmail.com,t
Santiago,Smith,Santiago.Smith@hotmail.com,f
Hailey,Baker,Hailey.Baker@hotmail.com,f
Joshua,Jackson,Joshua.Jackson@yahoo.com,t
Nevaeh,Jones,Nevaeh.Jones@hotmail.com,f
Aaron,Robinson,Aaron.Robinson@yahoo.com,t
Sophie,Young,Sophie.Young@gmail.com,t
Hunter,Taylor,Hunter.Taylor@yahoo.com,t
Eva,White,Eva.White@yahoo.com,t
Dylan,Nguyen,Dylan.Nguyen@yahoo.com,t
Madelyn,Harris,Madelyn.Harris@gmail.com,t
Jeremiah,Martin,Jeremiah.Martin@hotmail.com,t
Gabriella,Young,Gabriella.Young@hotmail.com,t
Xavier,Clark,Xavier.Clark@yahoo.com,f
Claire,Allen,Claire.Allen@yahoo.com,t
Andrew,Moore,Andrew.Moore@gmail.com,t
Autumn,Mitchell,Autumn.Mitchell@yahoo.com,t
Christian,Brown,Christian.Brown@gmail.com,t
Arya,Hall,Arya.Hall@gmail.com,t
Christopher,Nelson,Christopher.Nelson@hotmail.com,t
Ariana,Hill,Ariana.Hill@gmail.com,t
Jaxson,Mitchell,Jaxson.Mitchell@hotmail.com,t
Charlie,King,Charlie.King@gmail.com,t
Silas,Garcia,Silas.Garcia@yahoo.com,t
Anna,Campbell,Anna.Campbell@hotmail.com,t
Kayden,Smith,Kayden.Smith@yahoo.com,t
Peyton,Jackson,Peyton.Jackson@yahoo.com,t
Dominic,Jones,Dominic.Jones@hotmail.com,t
Melody,Wright,Melody.Wright@gmail.com,f
Kingston,Scott,Kingston.Scott@gmail.com,f
Emery,Perez,Emery.Perez@yahoo.com,f
Declan,Sanchez,Declan.Sanchez@gmail.com,t
Brielle,Harris,Brielle.Harris@gmail.com,t
Carson,Perez,Carson.Perez@yahoo.com,f
Quinn,Campbell,Quinn.Campbell@gmail.com,t
Amir,Perez,Amir.Perez@hotmail.com,t
Amara,Torres,Amara.Torres@yahoo.com,t
Jordan,Young,Jordan.Young@hotmail.com,t
Valentina,Hall,Valentina.Hall@hotmail.com,t
Austin,Garcia,Austin.Garcia@gmail.com,t
Ruby,Sanchez,Ruby.Sanchez@hotmail.com,t
Micah,Flores,Micah.Flores@gmail.com,t
Iris,Young,Iris.Young@yahoo.com,f
Ian,Clark,Ian.Clark@yahoo.com,t
Sadie,Scott,Sadie.Scott@hotmail.com,t
Alex,Jones,Alex.Jones@hotmail.com,t
Rylee,Jackson,Rylee.Jackson@hotmail.com,t
Ryder,Flores,Ryder.Flores@yahoo.com,t
